date,views
29-11-2019 21:00:02,2163603
30-11-2019 11:13:28,5238759
30-11-2019 21:00:02,3776968
01-12-2019 21:00:02,7528908
02-12-2019 09:00:02,3276130
03-12-2019 21:00:09,8953730
04-12-2019 09:00:08,2569103
04-12-2019 21:00:02,2829520
05-12-2019 09:00:08,3059609
05-12-2019 21:00:02,3229779
06-12-2019 21:00:02,6006134
07-12-2019 09:00:01,2800381
08-12-2019 09:00:02,5628297
09-12-2019 21:00:02,8404425
10-12-2019 09:00:02,2226421
11-12-2019 09:00:02,4675163
11-12-2019 21:00:02,2318261
12-12-2019 09:00:04,2012249
13-12-2019 21:00:11,5999913
14-12-2019 21:00:03,3712290
15-12-2019 21:00:03,3508528
16-12-2019 09:00:02,1652767
16-12-2019 21:00:02,1762301
17-12-2019 09:00:01,1601649
17-12-2019 21:00:04,1729489
18-12-2019 09:00:04,1480429
18-12-2019 21:00:06,1616507
19-12-2019 09:00:07,1372574
19-12-2019 21:00:04,1516870
20-12-2019 09:00:03,1443025
20-12-2019 21:00:02,1492423
22-12-2019 09:00:02,4060764
22-12-2019 21:00:02,1389442
23-12-2019 21:00:02,2659953
24-12-2019 09:00:03,1275137
24-12-2019 21:00:03,1219088
25-12-2019 09:00:02,1054426
26-12-2019 09:00:02,2228551
26-12-2019 21:00:02,1237958
27-12-2019 09:00:02,1235936
28-12-2019 21:00:06,3540230
29-12-2019 21:00:02,2260125
30-12-2019 21:00:02,2349011
31-12-2019 09:00:02,1072624
03-01-2020 09:00:07,6106622
04-01-2020 09:00:03,2291680
04-01-2020 21:00:02,1147237
05-01-2020 09:00:02,1136501
05-01-2020 21:00:03,1185273
06-01-2020 09:00:03,1123886
06-01-2020 21:00:03,1189396
